tratamento,bloco,local,tempo_dias,repeticao,umidade_rel,temp_media,severidade,produtividade
controle,bloco_1,local_1,30,1,71,27.8,40.76,3366.7
controle,bloco_1,local_1,30,2,58.9,30.1,84.06,3260.4
controle,bloco_1,local_1,30,3,55,18.3,78.21,3281.5
controle,bloco_1,local_1,60,1,85.5,30.7,51.58,3100.7
controle,bloco_1,local_1,60,2,70.9,24.9,7.82,3161.7
controle,bloco_1,local_1,60,3,65.7,29.4,31.72,3228.4
controle,bloco_1,local_1,90,1,64.9,18.5,19.79,3229.4
controle,bloco_1,local_1,90,2,59,30,47.66,3395.9
controle,bloco_1,local_1,90,3,65.1,27.4,65.25,3244.2
controle,bloco_1,local_2,30,1,83.5,19.2,65.14,3141
controle,bloco_1,local_2,30,2,79.7,18.2,76.82,3097
controle,bloco_1,local_2,30,3,55.6,26.4,86.3,3273.7
controle,bloco_1,local_2,60,1,68.2,24.2,40.67,3145.9
controle,bloco_1,local_2,60,2,84.4,20.4,12.97,3191.4
controle,bloco_1,local_2,60,3,69,26.9,34.09,3129.6
controle,bloco_1,local_2,90,1,81.4,28.4,5.37,3102.1
controle,bloco_1,local_2,90,2,85.6,30.8,50.53,3318.8
controle,bloco_1,local_2,90,3,77.6,30.5,54.86,3143.3
controle,bloco_1,local_3,30,1,85.4,25,41.7,3086.2
controle,bloco_1,local_3,30,2,79.6,31,71.45,3236.1
controle,bloco_1,local_3,30,3,63.3,29.1,28.29,3087.6
controle,bloco_1,local_3,60,1,60.8,18.9,35.1,3246
controle,bloco_1,local_3,60,2,59,18.8,54.89,3194.7
controle,bloco_1,local_3,60,3,62.5,23.1,62.11,3252.3
controle,bloco_1,local_3,90,1,83.3,28.3,74.5,3274.6
controle,bloco_1,local_3,90,2,62.8,29.7,53.2,3308
controle,bloco_1,local_3,90,3,88.6,27,39.04,3386.5
controle,bloco_2,local_1,30,1,74.4,28.1,38.5,3265.7
controle,bloco_2,local_1,30,2,77.9,25.5,60.39,3280.3
controle,bloco_2,local_1,30,3,76,27.5,77.72,3204.4
controle,bloco_2,local_1,60,1,67.6,26.9,47.22,3230.9
controle,bloco_2,local_1,60,2,85,26.9,43.11,3350.4
controle,bloco_2,local_1,60,3,56.2,28.7,79.93,3352.8
controle,bloco_2,local_1,90,1,62.9,24.7,51.54,3257.8
controle,bloco_2,local_1,90,2,65,31.8,36.1,3320.3
controle,bloco_2,local_1,90,3,85.1,25.6,68.41,3240.4
controle,bloco_2,local_2,30,1,75.8,28.7,49.99,3191.9
controle,bloco_2,local_2,30,2,81.3,23.2,79.51,3278.6
controle,bloco_2,local_2,30,3,65.6,21.3,74.92,3233.3
controle,bloco_2,local_2,60,1,85.5,24.8,74.41,3328
controle,bloco_2,local_2,60,2,88.5,24.1,68.19,3193.5
controle,bloco_2,local_2,60,3,74.6,29.8,47.22,3064.7
controle,bloco_2,local_2,90,1,79.6,27.9,2.63,3281.5
controle,bloco_2,local_2,90,2,79.7,22.3,63.97,3252.2
controle,bloco_2,local_2,90,3,80.1,26.9,16.55,3046.4
controle,bloco_2,local_3,30,1,81.1,25.4,27.98,3215.2
controle,bloco_2,local_3,30,2,62.6,18.2,34.29,3436.3
controle,bloco_2,local_3,30,3,88.3,27.8,57.21,3301.2
controle,bloco_2,local_3,60,1,58.5,28,56.29,3142.5
controle,bloco_2,local_3,60,2,88.1,29.5,62.5,3334.1
controle,bloco_2,local_3,60,3,77.8,24.5,72.82,3552
controle,bloco_2,local_3,90,1,73,29.9,26.73,3140.4
controle,bloco_2,local_3,90,2,63.7,28.5,46.1,3172.3
controle,bloco_2,local_3,90,3,67.5,28.6,15.11,3294.4
controle,bloco_3,local_1,30,1,57.3,27.3,94.9,3255.6
controle,bloco_3,local_1,30,2,57,24.3,53.16,3259.9
controle,bloco_3,local_1,30,3,78.9,20.7,27.53,3154.1
controle,bloco_3,local_1,60,1,62.8,22.7,38.65,3338.7
controle,bloco_3,local_1,60,2,59.7,27.9,47.52,3224.9
controle,bloco_3,local_1,60,3,65.4,20.3,50.16,3291.3
controle,bloco_3,local_1,90,1,66.7,25,42.81,3311.3
controle,bloco_3,local_1,90,2,66.3,24.9,26.18,3249.8
controle,bloco_3,local_1,90,3,72.9,24.6,51.58,3106.8
controle,bloco_3,local_2,30,1,86,31.6,48.82,3303
controle,bloco_3,local_2,30,2,79.8,26.3,68.37,3134.7
controle,bloco_3,local_2,30,3,82.5,21.1,87.99,3382.3
controle,bloco_3,local_2,60,1,71,25.2,55.46,3333.2
controle,bloco_3,local_2,60,2,81.9,20.9,58.55,3168.5
controle,bloco_3,local_2,60,3,80.5,26.4,25.43,3112.7
controle,bloco_3,local_2,90,1,87.5,23.1,53.64,3373.8
controle,bloco_3,local_2,90,2,84.3,26.8,37.95,3428.2
controle,bloco_3,local_2,90,3,64.7,22.4,13.25,3322
controle,bloco_3,local_3,30,1,79.9,25.4,77.2,3145.8
controle,bloco_3,local_3,30,2,59.5,24.5,73.32,2996.9
controle,bloco_3,local_3,30,3,78.8,22.1,90.44,3378.5
controle,bloco_3,local_3,60,1,79.7,24.5,87.67,3263.3
controle,bloco_3,local_3,60,2,88.9,23.5,44.75,3267.9
controle,bloco_3,local_3,60,3,69.5,22.7,44.14,3157
controle,bloco_3,local_3,90,1,76.7,31.8,25.9,3316.7
controle,bloco_3,local_3,90,2,69.3,29.7,26.97,3335.2
controle,bloco_3,local_3,90,3,77.8,23.8,21.24,3252.1
controle,bloco_4,local_1,30,1,57.2,27.9,46.9,3179.4
controle,bloco_4,local_1,30,2,89.6,23.3,93.34,3387.4
controle,bloco_4,local_1,30,3,73.5,21.5,69.6,3248.5
controle,bloco_4,local_1,60,1,63.8,24.6,30.74,2994.5
controle,bloco_4,local_1,60,2,62.8,26.1,25,3349.7
controle,bloco_4,local_1,60,3,81.9,28.6,68.97,3140.4
controle,bloco_4,local_1,90,1,75.7,31.4,46.33,3191.9
controle,bloco_4,local_1,90,2,59.6,29.5,33.16,3125.6
controle,bloco_4,local_1,90,3,81.3,27.5,40.28,3307.9
controle,bloco_4,local_2,30,1,78.4,18.2,70.19,3265.2
controle,bloco_4,local_2,30,2,68.4,23.9,34.91,3428.7
controle,bloco_4,local_2,30,3,56.7,19.4,54.63,3247.7
controle,bloco_4,local_2,60,1,60.6,26.6,45.95,3022.3
controle,bloco_4,local_2,60,2,65,31.6,38.31,3178
controle,bloco_4,local_2,60,3,56.1,31.5,58.9,3261
controle,bloco_4,local_2,90,1,88.8,22.1,38.24,3095.4
controle,bloco_4,local_2,90,2,68.7,18.2,26.81,3377.4
controle,bloco_4,local_2,90,3,55.2,18.7,50.71,3252
controle,bloco_4,local_3,30,1,70.9,24.5,43.14,3138.8
controle,bloco_4,local_3,30,2,64,23.7,57.22,3167.5
controle,bloco_4,local_3,30,3,73.2,21.7,60.98,3227.9
controle,bloco_4,local_3,60,1,69.7,21.5,37.17,3089.7
controle,bloco_4,local_3,60,2,57.9,25.2,11.92,3190.9
controle,bloco_4,local_3,60,3,59.7,28.1,51.12,3395.5
controle,bloco_4,local_3,90,1,81.5,29.4,37.52,3094.3
controle,bloco_4,local_3,90,2,65.9,26.4,61.42,3239.1
controle,bloco_4,local_3,90,3,79.9,23.2,26.15,3198.5
controle,bloco_5,local_1,30,1,80.3,21.4,54.92,3289.8
controle,bloco_5,local_1,30,2,63.3,24.1,57.93,3173.7
controle,bloco_5,local_1,30,3,68.8,20.8,65.18,3136.4
controle,bloco_5,local_1,60,1,80.2,20,41.1,3272.6
controle,bloco_5,local_1,60,2,80,23.5,59.86,3361.2
controle,bloco_5,local_1,60,3,67.9,21.5,51.42,3261
controle,bloco_5,local_1,90,1,67,25.9,76.73,3081.4
controle,bloco_5,local_1,90,2,70.1,28.9,28.53,3184.8
controle,bloco_5,local_1,90,3,79.7,26.6,26.6,3179.7
controle,bloco_5,local_2,30,1,88.2,23,67.92,3393.7
controle,bloco_5,local_2,30,2,83.2,19.4,72.54,3230.5
controle,bloco_5,local_2,30,3,82.7,22.4,49.26,3229.3
controle,bloco_5,local_2,60,1,58.2,28,18.77,3226
controle,bloco_5,local_2,60,2,88.4,25.1,58.32,3147.1
controle,bloco_5,local_2,60,3,58.6,20.2,40.37,3186.3
controle,bloco_5,local_2,90,1,69.5,20.2,39.65,3343.9
controle,bloco_5,local_2,90,2,74.7,31.2,15.07,3220.7
controle,bloco_5,local_2,90,3,55.9,27.3,16.88,3231.3
controle,bloco_5,local_3,30,1,66.1,29.5,35.86,3155.1
controle,bloco_5,local_3,30,2,59.1,27.6,47.88,3309.7
controle,bloco_5,local_3,30,3,70.2,31.3,63.29,3191.1
controle,bloco_5,local_3,60,1,79.8,31.4,52.74,3135.8
controle,bloco_5,local_3,60,2,61.2,30.1,45.53,3377.6
controle,bloco_5,local_3,60,3,70,31.6,30.62,3229.4
controle,bloco_5,local_3,90,1,59.9,25.8,41.5,3403.3
controle,bloco_5,local_3,90,2,68.9,31,39.9,3265.4
controle,bloco_5,local_3,90,3,63.5,24.6,13.96,3161.7
controle,bloco_6,local_1,30,1,64,30,71.93,3220.8
controle,bloco_6,local_1,30,2,75.6,22.5,37.17,3231
controle,bloco_6,local_1,30,3,65.4,28,26.74,3134
controle,bloco_6,local_1,60,1,89.5,23.3,35.68,3440.7
controle,bloco_6,local_1,60,2,89.7,31.7,51.27,3271.4
controle,bloco_6,local_1,60,3,56.9,19.4,21.65,3169.6
controle,bloco_6,local_1,90,1,59.5,28.2,15.44,3239.2
controle,bloco_6,local_1,90,2,85.6,31.2,24.77,3240.3
controle,bloco_6,local_1,90,3,69.7,18.1,77.65,3480.2
controle,bloco_6,local_2,30,1,72.6,27.2,39.28,3041.5
controle,bloco_6,local_2,30,2,81,25.4,53.43,3347
controle,bloco_6,local_2,30,3,67,32,81.93,3171.2
controle,bloco_6,local_2,60,1,74.4,30.5,71.3,3169.5
controle,bloco_6,local_2,60,2,57,22,63.45,3212.7
controle,bloco_6,local_2,60,3,73,30.5,48.23,3187.9
controle,bloco_6,local_2,90,1,71.3,27.1,46.86,3271.2
controle,bloco_6,local_2,90,2,75.1,30.3,63.95,3268
controle,bloco_6,local_2,90,3,56.7,18.5,52.95,3358.1
controle,bloco_6,local_3,30,1,58.6,30.5,61.75,3372.9
controle,bloco_6,local_3,30,2,63.6,28.5,72.82,3100.5
controle,bloco_6,local_3,30,3,86.3,22.1,54.85,3138.5
controle,bloco_6,local_3,60,1,87.5,19.7,48.97,3245.2
controle,bloco_6,local_3,60,2,70,24.6,63.37,3314.9
controle,bloco_6,local_3,60,3,56,29.6,38.51,3215.7
controle,bloco_6,local_3,90,1,56.9,28.4,16.55,3079.6
controle,bloco_6,local_3,90,2,75.5,18.9,65.87,3186.5
controle,bloco_6,local_3,90,3,75.6,30.7,2.48,3033.7
dose_baixa,bloco_1,local_1,30,1,55.9,23.5,33.49,3287.1
dose_baixa,bloco_1,local_1,30,2,59.1,28.6,66.4,3184.9
dose_baixa,bloco_1,local_1,30,3,82.3,28.6,23.35,3216.9
dose_baixa,bloco_1,local_1,60,1,63.1,23.5,7.75,3401.6
dose_baixa,bloco_1,local_1,60,2,80.8,26.5,27.52,3180.5
dose_baixa,bloco_1,local_1,60,3,63.4,24.6,33.83,3393.5
dose_baixa,bloco_1,local_1,90,1,69.1,26,10.15,3221.3
dose_baixa,bloco_1,local_1,90,2,68.7,21.2,23.71,3526.9
dose_baixa,bloco_1,local_1,90,3,65.1,26.2,16.42,3161.2
dose_baixa,bloco_1,local_2,30,1,67.9,30.8,28.96,3436.5
dose_baixa,bloco_1,local_2,30,2,67.1,25.8,31.72,3271.4
dose_baixa,bloco_1,local_2,30,3,68.1,26.1,75.34,3523.2
dose_baixa,bloco_1,local_2,60,1,71.6,31.9,6.03,3458
dose_baixa,bloco_1,local_2,60,2,69.1,29,9.04,3335.4
dose_baixa,bloco_1,local_2,60,3,87,30.8,44.64,3419.1
dose_baixa,bloco_1,local_2,90,1,87.8,29.2,42.42,3387.7
dose_baixa,bloco_1,local_2,90,2,65.8,21,41.71,3311.3
dose_baixa,bloco_1,local_2,90,3,73.5,28.9,15.46,3344
dose_baixa,bloco_1,local_3,30,1,56.1,20.8,44.66,3285.8
dose_baixa,bloco_1,local_3,30,2,85.4,30.7,39.9,3326.3
dose_baixa,bloco_1,local_3,30,3,72.4,19.5,32.72,3258
dose_baixa,bloco_1,local_3,60,1,66.8,21.8,47.39,3426.3
dose_baixa,bloco_1,local_3,60,2,87.8,20.4,57.2,3287.6
dose_baixa,bloco_1,local_3,60,3,76.6,31.5,41.37,3481.3
dose_baixa,bloco_1,local_3,90,1,70.6,28.9,40.14,3422
dose_baixa,bloco_1,local_3,90,2,76.9,21.6,3.95,3220.5
dose_baixa,bloco_1,local_3,90,3,57.5,21.8,23.37,3498.9
dose_baixa,bloco_2,local_1,30,1,69.7,24.5,49.15,3427.7
dose_baixa,bloco_2,local_1,30,2,77.6,31.5,42.03,3348.4
dose_baixa,bloco_2,local_1,30,3,55.2,31.2,43.11,3451.2
dose_baixa,bloco_2,local_1,60,1,65.6,25.7,65.72,3471.2
dose_baixa,bloco_2,local_1,60,2,82.9,27,51.99,3643.1
dose_baixa,bloco_2,local_1,60,3,79.7,26.2,15.84,3489.9
dose_baixa,bloco_2,local_1,90,1,84.6,30.1,39.92,3516
dose_baixa,bloco_2,local_1,90,2,59.4,32,18.12,3287.9
dose_baixa,bloco_2,local_1,90,3,84.8,19.2,10.54,3248
dose_baixa,bloco_2,local_2,30,1,79.3,19.2,39.74,3346.1
dose_baixa,bloco_2,local_2,30,2,78.6,24.6,76.42,3343.2
dose_baixa,bloco_2,local_2,30,3,76.5,21.8,62.62,3418
dose_baixa,bloco_2,local_2,60,1,76.6,22.9,49.98,3474.5
dose_baixa,bloco_2,local_2,60,2,75.1,28,18.76,3341.3
dose_baixa,bloco_2,local_2,60,3,57.1,27.2,35.14,3409.5
dose_baixa,bloco_2,local_2,90,1,71.2,27,2.48,3377.8
dose_baixa,bloco_2,local_2,90,2,85,23.7,22.68,3331.2
dose_baixa,bloco_2,local_2,90,3,69.4,26,27.1,3340.2
dose_baixa,bloco_2,local_3,30,1,56.7,29.4,54.24,3251.8
dose_baixa,bloco_2,local_3,30,2,84.1,22.4,53.64,3560.2
dose_baixa,bloco_2,local_3,30,3,87.2,27,41.99,3320.9
dose_baixa,bloco_2,local_3,60,1,58.6,21.5,16.59,3550.4
dose_baixa,bloco_2,local_3,60,2,55.8,18.9,39.55,3488.9
dose_baixa,bloco_2,local_3,60,3,60.3,25.4,38.84,3259
dose_baixa,bloco_2,local_3,90,1,83.8,24.7,20.35,3577.5
dose_baixa,bloco_2,local_3,90,2,84,26.5,66.17,3462.5
dose_baixa,bloco_2,local_3,90,3,87.1,30.7,26.72,3411
dose_baixa,bloco_3,local_1,30,1,71.7,23.2,48.9,3451.4
dose_baixa,bloco_3,local_1,30,2,58.2,26.1,54.19,3240.6
dose_baixa,bloco_3,local_1,30,3,70.1,24.3,71.19,3457.5
dose_baixa,bloco_3,local_1,60,1,76.3,29.8,21.96,3478.3
dose_baixa,bloco_3,local_1,60,2,66.5,21.9,51.45,3446.1
dose_baixa,bloco_3,local_1,60,3,67.1,30.1,21.96,3611.6
dose_baixa,bloco_3,local_1,90,1,71.3,28.8,58.26,3353.6
dose_baixa,bloco_3,local_1,90,2,57.9,31.7,32.79,3393.3
dose_baixa,bloco_3,local_1,90,3,72.1,21.4,9.51,3389.1
dose_baixa,bloco_3,local_2,30,1,59.7,26.7,41.81,3407
dose_baixa,bloco_3,local_2,30,2,71.6,30.8,54.02,3297.1
dose_baixa,bloco_3,local_2,30,3,68.6,24.5,18.81,3292.9
dose_baixa,bloco_3,local_2,60,1,83.9,28.7,42.52,3432
dose_baixa,bloco_3,local_2,60,2,78,21.6,63.44,3317.8
dose_baixa,bloco_3,local_2,60,3,55.3,29,16.44,3233
dose_baixa,bloco_3,local_2,90,1,89.8,25.4,16.39,3498
dose_baixa,bloco_3,local_2,90,2,77.9,26.4,20.73,3421.6
dose_baixa,bloco_3,local_2,90,3,79,25.5,19.51,3492.8
dose_baixa,bloco_3,local_3,30,1,59.6,25.2,39.47,3420.2
dose_baixa,bloco_3,local_3,30,2,89.4,25.1,34.06,3434.1
dose_baixa,bloco_3,local_3,30,3,82.7,29.9,16.91,3289.9
dose_baixa,bloco_3,local_3,60,1,68.5,20.3,54.93,3356
dose_baixa,bloco_3,local_3,60,2,75.9,23.8,42.49,3394.4
dose_baixa,bloco_3,local_3,60,3,65.8,27.3,59.52,3427.4
dose_baixa,bloco_3,local_3,90,1,83.3,27.2,46.96,3440.5
dose_baixa,bloco_3,local_3,90,2,63.9,19.9,22.92,3424.4
dose_baixa,bloco_3,local_3,90,3,82.7,31.1,47.06,3393.7
dose_baixa,bloco_4,local_1,30,1,64.8,29.3,38.23,3306.1
dose_baixa,bloco_4,local_1,30,2,86.2,22.1,89.52,3335.8
dose_baixa,bloco_4,local_1,30,3,56.6,23.8,35.61,3350.7
dose_baixa,bloco_4,local_1,60,1,70,26.5,73.29,3446.4
dose_baixa,bloco_4,local_1,60,2,69,29.2,76.55,3473.2
dose_baixa,bloco_4,local_1,60,3,63.4,23.6,29.61,3555.1
dose_baixa,bloco_4,local_1,90,1,78,23.2,16.18,3601.8
dose_baixa,bloco_4,local_1,90,2,77.2,28.9,28.06,3309.1
dose_baixa,bloco_4,local_1,90,3,62.5,25.2,24.27,3316.2
dose_baixa,bloco_4,local_2,30,1,60.3,28.2,38.04,3558.3
dose_baixa,bloco_4,local_2,30,2,56,31,54.97,3434.3
dose_baixa,bloco_4,local_2,30,3,59.7,27.3,1.5,3194.8
dose_baixa,bloco_4,local_2,60,1,79.9,19.2,15.81,3375.6
dose_baixa,bloco_4,local_2,60,2,73.2,23.4,46.36,3391.7
dose_baixa,bloco_4,local_2,60,3,82.7,18.9,43.05,3342.1
dose_baixa,bloco_4,local_2,90,1,82.3,21.8,2.23,3322.8
dose_baixa,bloco_4,local_2,90,2,68.6,27.8,10.99,3276.1
dose_baixa,bloco_4,local_2,90,3,73.9,20.1,18.84,3551
dose_baixa,bloco_4,local_3,30,1,69.7,25.7,47.19,3328.2
dose_baixa,bloco_4,local_3,30,2,79.4,18.2,70.46,3289.6
dose_baixa,bloco_4,local_3,30,3,83.1,30.8,27.5,3162.7
dose_baixa,bloco_4,local_3,60,1,87.6,19.9,52.02,3403.6
dose_baixa,bloco_4,local_3,60,2,80.2,19.3,62.49,3338
dose_baixa,bloco_4,local_3,60,3,89.6,28.1,9.95,3330.9
dose_baixa,bloco_4,local_3,90,1,80.5,23.2,12.74,3364.6
dose_baixa,bloco_4,local_3,90,2,69.2,24.7,59.58,3488.7
dose_baixa,bloco_4,local_3,90,3,80.6,27.6,29.81,3342.6
dose_baixa,bloco_5,local_1,30,1,81.2,21.8,26.39,3382.1
dose_baixa,bloco_5,local_1,30,2,81.3,21.2,35.38,3334.4
dose_baixa,bloco_5,local_1,30,3,81.3,21.9,16.03,3243
dose_baixa,bloco_5,local_1,60,1,86.2,27.9,30.93,3458.9
dose_baixa,bloco_5,local_1,60,2,79.6,31.6,11.12,3329.4
dose_baixa,bloco_5,local_1,60,3,56.7,25.7,20.81,3472.9
dose_baixa,bloco_5,local_1,90,1,74.6,29.5,10.37,3430.9
dose_baixa,bloco_5,local_1,90,2,74.2,18.9,15.67,3349.2
dose_baixa,bloco_5,local_1,90,3,70.9,25,6.11,3266
dose_baixa,bloco_5,local_2,30,1,73.3,27.9,68.39,3250.2
dose_baixa,bloco_5,local_2,30,2,55.7,20,51.07,3536.4
dose_baixa,bloco_5,local_2,30,3,62.2,27.4,18.02,3425.5
dose_baixa,bloco_5,local_2,60,1,73.4,21.7,40.21,3352.5
dose_baixa,bloco_5,local_2,60,2,86.7,22.8,59.96,3416.9
dose_baixa,bloco_5,local_2,60,3,73.8,28.9,45.1,3399.3
dose_baixa,bloco_5,local_2,90,1,63.5,24.6,39.84,3393.3
dose_baixa,bloco_5,local_2,90,2,59.2,19.5,39.1,3537.1
dose_baixa,bloco_5,local_2,90,3,61.7,19.7,20.23,3448.5
dose_baixa,bloco_5,local_3,30,1,66.7,24.5,41.77,3317.3
dose_baixa,bloco_5,local_3,30,2,77.8,18.5,28.72,3228
dose_baixa,bloco_5,local_3,30,3,74.9,29.3,69.34,3453.6
dose_baixa,bloco_5,local_3,60,1,64.2,19.4,45.47,3400.7
dose_baixa,bloco_5,local_3,60,2,67.1,31.8,14.86,3325
dose_baixa,bloco_5,local_3,60,3,59.6,24.1,73.03,3232
dose_baixa,bloco_5,local_3,90,1,85.1,18.3,4.95,3377.3
dose_baixa,bloco_5,local_3,90,2,59.6,28.2,19.07,3446.5
dose_baixa,bloco_5,local_3,90,3,77.6,31.9,6.5,3425
dose_baixa,bloco_6,local_1,30,1,63.4,18.5,47.72,3461.8
dose_baixa,bloco_6,local_1,30,2,63,24,62.18,3417.5
dose_baixa,bloco_6,local_1,30,3,69.2,27.4,42.83,3456.5
dose_baixa,bloco_6,local_1,60,1,61.6,24.2,31.17,3331.2
dose_baixa,bloco_6,local_1,60,2,62.6,21.8,55.43,3486.5
dose_baixa,bloco_6,local_1,60,3,88.1,29.8,46.66,3409.2
dose_baixa,bloco_6,local_1,90,1,81,22.8,8.79,3298.9
dose_baixa,bloco_6,local_1,90,2,63.9,19.7,49.88,3490
dose_baixa,bloco_6,local_1,90,3,87.6,29.4,17.67,3430.7
dose_baixa,bloco_6,local_2,30,1,82.1,30.3,24.02,3086.1
dose_baixa,bloco_6,local_2,30,2,70.2,20.1,49.14,3373.9
dose_baixa,bloco_6,local_2,30,3,80.1,24.3,62.13,3418.2
dose_baixa,bloco_6,local_2,60,1,72.4,18.3,25.35,3313.9
dose_baixa,bloco_6,local_2,60,2,70.4,28,32.48,3133.6
dose_baixa,bloco_6,local_2,60,3,79.5,26.8,75.23,3408.4
dose_baixa,bloco_6,local_2,90,1,68.3,26.3,29.3,3458.3
dose_baixa,bloco_6,local_2,90,2,61.2,19.3,64.28,3348.2
dose_baixa,bloco_6,local_2,90,3,57.5,22.5,50.04,3410.4
dose_baixa,bloco_6,local_3,30,1,58.8,21,42.11,3316.4
dose_baixa,bloco_6,local_3,30,2,75.2,19.9,39.03,3309.3
dose_baixa,bloco_6,local_3,30,3,73.5,26.6,53.91,3527.4
dose_baixa,bloco_6,local_3,60,1,60.8,26.8,1.98,3494.3
dose_baixa,bloco_6,local_3,60,2,57,30.8,63.36,3377.2
dose_baixa,bloco_6,local_3,60,3,77.4,20.3,23.39,3464.9
dose_baixa,bloco_6,local_3,90,1,77.7,23,5.02,3255.2
dose_baixa,bloco_6,local_3,90,2,76.8,26.4,30.65,3464.5
dose_baixa,bloco_6,local_3,90,3,72.8,30,17.07,3493.2
dose_media,bloco_1,local_1,30,1,82.9,30.1,38.99,3492.1
dose_media,bloco_1,local_1,30,2,84.8,28.1,75.91,3492.6
dose_media,bloco_1,local_1,30,3,60.1,29.5,22.39,3467
dose_media,bloco_1,local_1,60,1,85.9,30.5,13.08,3639.7
dose_media,bloco_1,local_1,60,2,55.3,30.2,0.32,3593
dose_media,bloco_1,local_1,60,3,60.9,19.9,5.74,3635.5
dose_media,bloco_1,local_1,90,1,70.3,23.6,17.03,3525.9
dose_media,bloco_1,local_1,90,2,88.2,20.9,28.6,3583
dose_media,bloco_1,local_1,90,3,84.2,23.4,34.44,3544.9
dose_media,bloco_1,local_2,30,1,89.4,27.8,42.34,3563.1
dose_media,bloco_1,local_2,30,2,78.4,23.7,23.27,3503.5
dose_media,bloco_1,local_2,30,3,69.4,18.2,22.59,3516.6
dose_media,bloco_1,local_2,60,1,62,24.4,66.87,3738.5
dose_media,bloco_1,local_2,60,2,76.7,24.8,33.59,3587.5
dose_media,bloco_1,local_2,60,3,58.1,23.1,21.29,3574.4
dose_media,bloco_1,local_2,90,1,60.6,25.8,11.12,3497.9
dose_media,bloco_1,local_2,90,2,67.7,28,1.56,3578.4
dose_media,bloco_1,local_2,90,3,87,19.1,26.77,3576.9
dose_media,bloco_1,local_3,30,1,74.6,23.3,15.84,3597.7
dose_media,bloco_1,local_3,30,2,87.5,21.2,20.18,3504.7
dose_media,bloco_1,local_3,30,3,85,18.1,25.94,3583.4
dose_media,bloco_1,local_3,60,1,69.2,22.6,32.45,3619.6
dose_media,bloco_1,local_3,60,2,82.9,25.4,19.31,3520.8
dose_media,bloco_1,local_3,60,3,74.1,20.6,50.55,3700.5
dose_media,bloco_1,local_3,90,1,70.5,27.1,10.53,3690.4
dose_media,bloco_1,local_3,90,2,75.6,28.8,17.17,3619.7
dose_media,bloco_1,local_3,90,3,84.4,29.6,19.02,3661.9
dose_media,bloco_2,local_1,30,1,58,28.4,21.85,3455.3
dose_media,bloco_2,local_1,30,2,60.9,28.7,18.68,3565.9
dose_media,bloco_2,local_1,30,3,66.4,28.8,15.42,3556.8
dose_media,bloco_2,local_1,60,1,83.2,24.4,20.52,3703.6
dose_media,bloco_2,local_1,60,2,64.7,23.7,8.14,3534.1
dose_media,bloco_2,local_1,60,3,64.1,22.8,29.31,3564.9
dose_media,bloco_2,local_1,90,1,64.1,28.1,3.48,3623.1
dose_media,bloco_2,local_1,90,2,82.5,24.3,9.43,3530.6
dose_media,bloco_2,local_1,90,3,57.2,27.7,40.27,3597.1
dose_media,bloco_2,local_2,30,1,60.1,20.1,22.37,3544.3
dose_media,bloco_2,local_2,30,2,60,19.2,63.45,3650.6
dose_media,bloco_2,local_2,30,3,76.4,20.9,14,3586.2
dose_media,bloco_2,local_2,60,1,58.7,26.2,28.52,3671.5
dose_media,bloco_2,local_2,60,2,84.7,31.8,23.21,3546.6
dose_media,bloco_2,local_2,60,3,65.5,30,2.55,3471.6
dose_media,bloco_2,local_2,90,1,65.1,24.7,13.24,3625.5
dose_media,bloco_2,local_2,90,2,79.4,31.7,14.13,3571
dose_media,bloco_2,local_2,90,3,74.5,20.2,15.35,3634
dose_media,bloco_2,local_3,30,1,63.3,21.5,41.29,3626.6
dose_media,bloco_2,local_3,30,2,56,24.4,36.09,3555.4
dose_media,bloco_2,local_3,30,3,70.1,31,7.91,3476.7
dose_media,bloco_2,local_3,60,1,80.8,24.5,37.34,3493
dose_media,bloco_2,local_3,60,2,79.9,26.6,25.82,3751.1
dose_media,bloco_2,local_3,60,3,87.5,30.9,19.48,3518.9
dose_media,bloco_2,local_3,90,1,74.2,25.8,1.7,3417.7
dose_media,bloco_2,local_3,90,2,79,24.9,4.94,3623
dose_media,bloco_2,local_3,90,3,81.3,27.1,25.27,3479.2
dose_media,bloco_3,local_1,30,1,85.1,25.3,13.4,3349.1
dose_media,bloco_3,local_1,30,2,87.9,21,40.17,3419
dose_media,bloco_3,local_1,30,3,65.9,28.4,15.21,3446.1
dose_media,bloco_3,local_1,60,1,55.3,27.5,17.2,3488.8
dose_media,bloco_3,local_1,60,2,73.9,23.8,33.31,3642.3
dose_media,bloco_3,local_1,60,3,66,18.4,22.87,3870.1
dose_media,bloco_3,local_1,90,1,56.6,20,19.99,3545.5
dose_media,bloco_3,local_1,90,2,75.6,19.1,0.3,3393.2
dose_media,bloco_3,local_1,90,3,66,22.5,9.94,3511.8
dose_media,bloco_3,local_2,30,1,58.8,30,9.48,3522.6
dose_media,bloco_3,local_2,30,2,87.7,23.5,25.09,3355.4
dose_media,bloco_3,local_2,30,3,86.6,26.4,61.34,3288.9
dose_media,bloco_3,local_2,60,1,78.1,19,6.44,3406.6
dose_media,bloco_3,local_2,60,2,82.9,23.9,12.99,3669.5
dose_media,bloco_3,local_2,60,3,84.5,21.3,16.76,3596.2
dose_media,bloco_3,local_2,90,1,61.9,19.5,17.32,3543.4
dose_media,bloco_3,local_2,90,2,78.9,28.4,34.88,3682.8
dose_media,bloco_3,local_2,90,3,62.6,26.1,10.24,3548.2
dose_media,bloco_3,local_3,30,1,70.7,22.1,30.63,3520.6
dose_media,bloco_3,local_3,30,2,73.6,20.7,45.53,3668.6
dose_media,bloco_3,local_3,30,3,78.8,18,7.34,3455
dose_media,bloco_3,local_3,60,1,68.4,29.5,8.71,3405.5
dose_media,bloco_3,local_3,60,2,81.1,25.1,32.92,3564.7
dose_media,bloco_3,local_3,60,3,83.7,23.7,45.96,3764
dose_media,bloco_3,local_3,90,1,66.8,21.8,0.43,3538
dose_media,bloco_3,local_3,90,2,82,21.9,4.74,3533.2
dose_media,bloco_3,local_3,90,3,69.5,22.4,23.85,3608.8
dose_media,bloco_4,local_1,30,1,83.2,25.7,54.67,3461.8
dose_media,bloco_4,local_1,30,2,74.4,30.3,57.92,3571.5
dose_media,bloco_4,local_1,30,3,81.8,26.5,47.33,3547.8
dose_media,bloco_4,local_1,60,1,85.2,28.8,6.18,3699.1
dose_media,bloco_4,local_1,60,2,75.7,29.5,53.21,3545.2
dose_media,bloco_4,local_1,60,3,63.1,18.9,22.05,3511.6
dose_media,bloco_4,local_1,90,1,63.3,24.3,8.81,3756.4
dose_media,bloco_4,local_1,90,2,65.2,30.2,10.67,3571
dose_media,bloco_4,local_1,90,3,72,24.4,32.9,3734.2
dose_media,bloco_4,local_2,30,1,83.3,19.8,49.37,3520.7
dose_media,bloco_4,local_2,30,2,56.5,28.6,10.43,3294.2
dose_media,bloco_4,local_2,30,3,75,27.3,41.4,3709.9
dose_media,bloco_4,local_2,60,1,63.7,27.2,16.24,3565.7
dose_media,bloco_4,local_2,60,2,61.9,31.4,56.39,3565.1
dose_media,bloco_4,local_2,60,3,65.9,31.5,19.82,3568.2
dose_media,bloco_4,local_2,90,1,75.9,26.6,1.33,3422.1
dose_media,bloco_4,local_2,90,2,78.5,31.5,16.72,3691.4
dose_media,bloco_4,local_2,90,3,57.8,21,1.45,3538
dose_media,bloco_4,local_3,30,1,85.1,28.9,11.44,3417.8
dose_media,bloco_4,local_3,30,2,58.6,30.5,25.24,3717.9
dose_media,bloco_4,local_3,30,3,74.8,30.7,37.59,3463.4
dose_media,bloco_4,local_3,60,1,66.6,26.7,18.57,3647.6
dose_media,bloco_4,local_3,60,2,58.2,24.5,46.85,3425.8
dose_media,bloco_4,local_3,60,3,70.7,19.3,49.69,3329.7
dose_media,bloco_4,local_3,90,1,82,24.3,32.76,3603.5
dose_media,bloco_4,local_3,90,2,76.5,27.3,5.52,3558.2
dose_media,bloco_4,local_3,90,3,84,21.5,10.59,3393.5
dose_media,bloco_5,local_1,30,1,86.6,23.8,34.39,3550.8
dose_media,bloco_5,local_1,30,2,71.6,29.1,40.52,3531.6
dose_media,bloco_5,local_1,30,3,59.5,23.8,7.08,3445.2
dose_media,bloco_5,local_1,60,1,86,18.4,22.22,3459.1
dose_media,bloco_5,local_1,60,2,65.1,31.2,23.87,3536.7
dose_media,bloco_5,local_1,60,3,87.6,27,29.44,3547.8
dose_media,bloco_5,local_1,90,1,59.3,30.9,10.41,3469.4
dose_media,bloco_5,local_1,90,2,76.8,25.1,1.81,3348
dose_media,bloco_5,local_1,90,3,65.8,21.4,13.14,3544.8
dose_media,bloco_5,local_2,30,1,63.4,24.6,30.54,3460.8
dose_media,bloco_5,local_2,30,2,85.4,28.9,22.45,3528.7
dose_media,bloco_5,local_2,30,3,60.9,20.3,52.61,3572.5
dose_media,bloco_5,local_2,60,1,70.4,25.6,13.17,3596.4
dose_media,bloco_5,local_2,60,2,63,20.9,39.24,3505.2
dose_media,bloco_5,local_2,60,3,75,18.5,45.81,3402.5
dose_media,bloco_5,local_2,90,1,86.7,25.1,18.01,3670.3
dose_media,bloco_5,local_2,90,2,59.2,27,21.65,3282.2
dose_media,bloco_5,local_2,90,3,82.4,27.7,2.15,3642.4
dose_media,bloco_5,local_3,30,1,80.1,18.2,13.42,3665
dose_media,bloco_5,local_3,30,2,82.8,25.1,29.28,3574.3
dose_media,bloco_5,local_3,30,3,56.3,30.6,20.21,3457.3
dose_media,bloco_5,local_3,60,1,89,22.9,23.03,3384.1
dose_media,bloco_5,local_3,60,2,80.9,21,24.74,3378.2
dose_media,bloco_5,local_3,60,3,59.1,19.2,6.44,3617.3
dose_media,bloco_5,local_3,90,1,56,24.5,2.03,3584.5
dose_media,bloco_5,local_3,90,2,67.1,26.3,3.12,3648.2
dose_media,bloco_5,local_3,90,3,78.7,21.2,6.57,3526.2
dose_media,bloco_6,local_1,30,1,85.3,30.2,14.21,3324.7
dose_media,bloco_6,local_1,30,2,65.8,20.8,15.74,3439.8
dose_media,bloco_6,local_1,30,3,62.7,23.5,42.53,3369.4
dose_media,bloco_6,local_1,60,1,61.3,20.6,9.63,3479.3
dose_media,bloco_6,local_1,60,2,70.6,25.6,12.61,3516.9
dose_media,bloco_6,local_1,60,3,82.8,23.8,23.95,3567.7
dose_media,bloco_6,local_1,90,1,87.5,21.5,22.87,3402
dose_media,bloco_6,local_1,90,2,65.3,19.8,32.45,3722.8
dose_media,bloco_6,local_1,90,3,69,21.9,29.82,3722.1
dose_media,bloco_6,local_2,30,1,58.3,26.4,21.96,3397.3
dose_media,bloco_6,local_2,30,2,86.8,18,15.87,3420.1
dose_media,bloco_6,local_2,30,3,81.2,31.3,46.88,3730.9
dose_media,bloco_6,local_2,60,1,57.7,29.1,24.89,3594.8
dose_media,bloco_6,local_2,60,2,57.7,29.6,11.29,3482.4
dose_media,bloco_6,local_2,60,3,64.2,31.9,9.03,3547.5
dose_media,bloco_6,local_2,90,1,59.7,22.3,7.23,3494
dose_media,bloco_6,local_2,90,2,59.2,28.6,15.2,3505.4
dose_media,bloco_6,local_2,90,3,74.7,22.5,28.23,3763.9
dose_media,bloco_6,local_3,30,1,72.8,28.1,3.44,3684.3
dose_media,bloco_6,local_3,30,2,72.6,23.5,22.06,3568.1
dose_media,bloco_6,local_3,30,3,73.1,28.5,35.2,3694.7
dose_media,bloco_6,local_3,60,1,60.4,30,17.71,3535.2
dose_media,bloco_6,local_3,60,2,66.1,20.4,19.08,3310.7
dose_media,bloco_6,local_3,60,3,71.6,19,7.34,3647.6
dose_media,bloco_6,local_3,90,1,56.5,22.7,8.35,3511.7
dose_media,bloco_6,local_3,90,2,65.9,20.5,32.8,3586.8
dose_media,bloco_6,local_3,90,3,86.1,25.9,27.05,3608.4
dose_alta,bloco_1,local_1,30,1,63.5,27.9,17.02,3672.3
dose_alta,bloco_1,local_1,30,2,82.5,29.8,31.01,3860.8
dose_alta,bloco_1,local_1,30,3,71.1,23.6,27.77,3771.3
dose_alta,bloco_1,local_1,60,1,74.8,22.2,4.7,3526.7
dose_alta,bloco_1,local_1,60,2,62.2,29.9,3.56,3622.4
dose_alta,bloco_1,local_1,60,3,60.4,27.6,1.28,3578
dose_alta,bloco_1,local_1,90,1,76.7,24.3,1.02,3635.5
dose_alta,bloco_1,local_1,90,2,75.8,19.9,0.62,3540.3
dose_alta,bloco_1,local_1,90,3,85.3,20.8,24.01,3866.4
dose_alta,bloco_1,local_2,30,1,87.7,21.1,41.83,3553.1
dose_alta,bloco_1,local_2,30,2,60.7,22.5,4.88,3626.2
dose_alta,bloco_1,local_2,30,3,57,31,43.79,3716.5
dose_alta,bloco_1,local_2,60,1,79.6,28.3,21.63,3782.2
dose_alta,bloco_1,local_2,60,2,58.1,27.7,25.96,3869
dose_alta,bloco_1,local_2,60,3,82.6,27.6,3.42,3859
dose_alta,bloco_1,local_2,90,1,88,18,6.18,3917.9
dose_alta,bloco_1,local_2,90,2,55.7,22.4,1.29,3680.5
dose_alta,bloco_1,local_2,90,3,84.1,27.9,1.22,3672.1
dose_alta,bloco_1,local_3,30,1,58.6,22.2,23.61,3783.4
dose_alta,bloco_1,local_3,30,2,61.8,29.6,19.71,3745.8
dose_alta,bloco_1,local_3,30,3,62.4,23.4,7.38,3682.6
dose_alta,bloco_1,local_3,60,1,66.2,22.3,6.24,3673.2
dose_alta,bloco_1,local_3,60,2,59.7,19,5.22,3551.9
dose_alta,bloco_1,local_3,60,3,67.6,26.5,14.91,3689.6
dose_alta,bloco_1,local_3,90,1,76,22.7,4.24,3595.4
dose_alta,bloco_1,local_3,90,2,69.3,27,0,3808.4
dose_alta,bloco_1,local_3,90,3,68.2,28.7,10.44,3637
dose_alta,bloco_2,local_1,30,1,81.8,18.5,44.71,3850.5
dose_alta,bloco_2,local_1,30,2,73,23.4,5.58,3474.6
dose_alta,bloco_2,local_1,30,3,81.9,31.8,16.46,3532.9
dose_alta,bloco_2,local_1,60,1,73.2,21.2,1.82,3680.7
dose_alta,bloco_2,local_1,60,2,77.6,19.3,5.02,3718.3
dose_alta,bloco_2,local_1,60,3,64.3,20.7,9.07,3684.5
dose_alta,bloco_2,local_1,90,1,77.9,19.4,17.39,3643.4
dose_alta,bloco_2,local_1,90,2,76.6,29,0.9,3814
dose_alta,bloco_2,local_1,90,3,80.9,29,2.39,3745.3
dose_alta,bloco_2,local_2,30,1,64.6,19.3,0.26,3511.5
dose_alta,bloco_2,local_2,30,2,64,23,4.56,3659.9
dose_alta,bloco_2,local_2,30,3,86.1,31.1,14.88,3791.2
dose_alta,bloco_2,local_2,60,1,74.5,19.6,3.88,3532
dose_alta,bloco_2,local_2,60,2,65.4,22.4,15.09,3867.1
dose_alta,bloco_2,local_2,60,3,85,19.8,0.35,3729.3
dose_alta,bloco_2,local_2,90,1,67.6,18.4,37.95,3577.9
dose_alta,bloco_2,local_2,90,2,61.5,24.9,16.2,3723.8
dose_alta,bloco_2,local_2,90,3,80.9,26.3,1.44,3726.1
dose_alta,bloco_2,local_3,30,1,84.8,25,22.16,3577.1
dose_alta,bloco_2,local_3,30,2,72.2,29,20.56,3740
dose_alta,bloco_2,local_3,30,3,79.2,31.2,11.43,3508.9
dose_alta,bloco_2,local_3,60,1,55.3,20.3,0.18,3532.2
dose_alta,bloco_2,local_3,60,2,87.9,26.3,7.77,3903
dose_alta,bloco_2,local_3,60,3,83.9,19,5.76,3671.4
dose_alta,bloco_2,local_3,90,1,67.5,31.3,7.46,3756.2
dose_alta,bloco_2,local_3,90,2,70.6,26.4,1.58,3772.4
dose_alta,bloco_2,local_3,90,3,75.8,27.2,2.16,3779.1
dose_alta,bloco_3,local_1,30,1,87.9,20.2,11.62,3655.9
dose_alta,bloco_3,local_1,30,2,68.9,30.1,9.77,3644.4
dose_alta,bloco_3,local_1,30,3,70.9,27.7,29.39,3753
dose_alta,bloco_3,local_1,60,1,76.5,26.7,6.8,3772.5
dose_alta,bloco_3,local_1,60,2,57.8,19.7,8.01,3714.8
dose_alta,bloco_3,local_1,60,3,73,31.1,8.75,3596.6
dose_alta,bloco_3,local_1,90,1,74.4,29.5,1.89,3601.4
dose_alta,bloco_3,local_1,90,2,71.2,26.2,3.38,3715.4
dose_alta,bloco_3,local_1,90,3,73,31.6,13.69,3669.9
dose_alta,bloco_3,local_2,30,1,87.9,23.3,21.19,3662.9
dose_alta,bloco_3,local_2,30,2,75.3,23.8,3.61,3604.8
dose_alta,bloco_3,local_2,30,3,60.6,18.9,29.68,3551.8
dose_alta,bloco_3,local_2,60,1,65.8,24.8,17.12,3675
dose_alta,bloco_3,local_2,60,2,67.9,26.3,0.49,3514.3
dose_alta,bloco_3,local_2,60,3,67.9,28.7,14.24,3887
dose_alta,bloco_3,local_2,90,1,62.5,28.1,1.93,3885.2
dose_alta,bloco_3,local_2,90,2,68.1,30.3,2.94,3648.5
dose_alta,bloco_3,local_2,90,3,80.5,22.6,16.75,3906.5
dose_alta,bloco_3,local_3,30,1,55.7,20.4,4.06,3502.9
dose_alta,bloco_3,local_3,30,2,76,27.2,8.58,3640.4
dose_alta,bloco_3,local_3,30,3,85.3,20.7,16.98,3701.1
dose_alta,bloco_3,local_3,60,1,59,25.3,0.33,3638.8
dose_alta,bloco_3,local_3,60,2,64.2,19.8,22.75,3514.1
dose_alta,bloco_3,local_3,60,3,68.4,27.9,22.18,3785.7
dose_alta,bloco_3,local_3,90,1,86.1,23,2.63,3636
dose_alta,bloco_3,local_3,90,2,55.6,25.7,9.46,3845.6
dose_alta,bloco_3,local_3,90,3,78.3,23,2.55,3818
dose_alta,bloco_4,local_1,30,1,73.2,18.8,2.12,3713.1
dose_alta,bloco_4,local_1,30,2,56.5,23,5.7,3566.8
dose_alta,bloco_4,local_1,30,3,80.9,18.7,48.73,3704.2
dose_alta,bloco_4,local_1,60,1,65.4,23.7,0.83,3574.7
dose_alta,bloco_4,local_1,60,2,74,24.7,1.79,3574.1
dose_alta,bloco_4,local_1,60,3,59.8,20.6,7.62,3697.2
dose_alta,bloco_4,local_1,90,1,88.5,26.3,5.27,3852.3
dose_alta,bloco_4,local_1,90,2,86.5,20.2,5.35,3814.2
dose_alta,bloco_4,local_1,90,3,83.7,26.4,36.19,3674.5
dose_alta,bloco_4,local_2,30,1,67.9,19.7,15.48,3741.8
dose_alta,bloco_4,local_2,30,2,64.6,18.5,0.12,3531.3
dose_alta,bloco_4,local_2,30,3,59.4,18.5,18.31,3522.9
dose_alta,bloco_4,local_2,60,1,74,28.8,12.66,3682.8
dose_alta,bloco_4,local_2,60,2,82.6,26.6,22.17,3837.7
dose_alta,bloco_4,local_2,60,3,75.3,18.7,4.46,3541.9
dose_alta,bloco_4,local_2,90,1,59.3,30.5,2.98,3575.8
dose_alta,bloco_4,local_2,90,2,76,28,8.39,3688
dose_alta,bloco_4,local_2,90,3,89.6,30.2,8.45,3686.2
dose_alta,bloco_4,local_3,30,1,58.4,30.8,3.02,3640.6
dose_alta,bloco_4,local_3,30,2,78,26.6,5.77,3613.4
dose_alta,bloco_4,local_3,30,3,66.7,19.1,4.87,3576.8
dose_alta,bloco_4,local_3,60,1,61.3,26.8,11.68,3806.5
dose_alta,bloco_4,local_3,60,2,69.9,20.2,5.13,3680.3
dose_alta,bloco_4,local_3,60,3,78.4,30.7,2.91,3750.2
dose_alta,bloco_4,local_3,90,1,87.7,28.6,0.66,3594.9
dose_alta,bloco_4,local_3,90,2,72.5,24.7,8.52,3442.6
dose_alta,bloco_4,local_3,90,3,78.7,25.8,8.34,3763
dose_alta,bloco_5,local_1,30,1,78.9,28.6,8.28,3485.5
dose_alta,bloco_5,local_1,30,2,57.1,31.4,8.72,3483.9
dose_alta,bloco_5,local_1,30,3,75.3,23,22.32,3741.6
dose_alta,bloco_5,local_1,60,1,64.9,20.8,5.01,3674
dose_alta,bloco_5,local_1,60,2,55.7,22.2,28.15,3672.4
dose_alta,bloco_5,local_1,60,3,88.6,31.3,26.17,3650.4
dose_alta,bloco_5,local_1,90,1,60.1,32,0.11,3546.6
dose_alta,bloco_5,local_1,90,2,78.9,23.5,25.78,3666.7
dose_alta,bloco_5,local_1,90,3,77.7,28.5,17.58,3775.2
dose_alta,bloco_5,local_2,30,1,76.2,22.5,1.03,3623.2
dose_alta,bloco_5,local_2,30,2,62.7,29.8,38.06,3528
dose_alta,bloco_5,local_2,30,3,70.5,19,0.42,3709.9
dose_alta,bloco_5,local_2,60,1,83.5,19.9,12.13,3556.2
dose_alta,bloco_5,local_2,60,2,87.4,20.1,2.28,3618.3
dose_alta,bloco_5,local_2,60,3,56.8,31.8,5.98,3708.2
dose_alta,bloco_5,local_2,90,1,67.7,20.3,12.65,3827.3
dose_alta,bloco_5,local_2,90,2,63.7,22.1,0.34,3815.9
dose_alta,bloco_5,local_2,90,3,74.7,26.5,20.83,3578.3
dose_alta,bloco_5,local_3,30,1,76.8,22.8,9.47,3661
dose_alta,bloco_5,local_3,30,2,89.8,26.5,3.08,3744.1
dose_alta,bloco_5,local_3,30,3,56.5,22.1,9.95,3394.7
dose_alta,bloco_5,local_3,60,1,72.7,31.3,0.08,3690.3
dose_alta,bloco_5,local_3,60,2,69.7,25.1,9.95,3684.3
dose_alta,bloco_5,local_3,60,3,89.8,28.2,13.49,3505.9
dose_alta,bloco_5,local_3,90,1,81.8,25.1,16.57,3792.4
dose_alta,bloco_5,local_3,90,2,78.6,18.3,0.14,3873.1
dose_alta,bloco_5,local_3,90,3,70.1,30.8,0.1,3645
dose_alta,bloco_6,local_1,30,1,64,27.9,2.19,3599.7
dose_alta,bloco_6,local_1,30,2,86.5,26,21.66,3612.8
dose_alta,bloco_6,local_1,30,3,75.7,26.2,42.65,3698.4
dose_alta,bloco_6,local_1,60,1,87.8,30.3,49.75,3609.7
dose_alta,bloco_6,local_1,60,2,68,27,7.53,3605.2
dose_alta,bloco_6,local_1,60,3,85.8,21.1,20.42,3766.2
dose_alta,bloco_6,local_1,90,1,73.8,23.4,5.23,3870.9
dose_alta,bloco_6,local_1,90,2,88.4,28.8,1.09,3695.2
dose_alta,bloco_6,local_1,90,3,69.5,30.5,0.81,3763
dose_alta,bloco_6,local_2,30,1,86.2,20.2,28.96,3545.2
dose_alta,bloco_6,local_2,30,2,87,30.5,24.26,3941.2
dose_alta,bloco_6,local_2,30,3,71.8,20,22.38,3631.7
dose_alta,bloco_6,local_2,60,1,87.6,20.7,3.69,3640
dose_alta,bloco_6,local_2,60,2,62,20.8,8.41,3662.8
dose_alta,bloco_6,local_2,60,3,82.1,19.1,6.87,3465
dose_alta,bloco_6,local_2,90,1,66.4,26.6,0.38,3568.9
dose_alta,bloco_6,local_2,90,2,61.8,26.8,1.85,3673.4
dose_alta,bloco_6,local_2,90,3,85.2,18.3,9.19,3744.2
dose_alta,bloco_6,local_3,30,1,76.8,25.5,48.2,3604.8
dose_alta,bloco_6,local_3,30,2,65.2,30.3,14.55,3765.5
dose_alta,bloco_6,local_3,30,3,78.5,24.6,1.58,3674.5
dose_alta,bloco_6,local_3,60,1,55.5,23.1,2.67,3580.1
dose_alta,bloco_6,local_3,60,2,64.4,25.6,0.17,3794.6
dose_alta,bloco_6,local_3,60,3,83.3,30.5,17.12,3696.7
dose_alta,bloco_6,local_3,90,1,82.1,28.6,17.12,3674.2
dose_alta,bloco_6,local_3,90,2,71.5,26.5,28.68,3647.9
dose_alta,bloco_6,local_3,90,3,89.8,23.4,0.62,3578.8
